{"cameraMode":{"drawMode":0,"name":"Shaded","section":"Shading Mode"},"sceneLighting":true,"audioPlay":false,"sceneViewState":{"m_AlwaysRefresh":false,"showFog":true,"showSkybox":true,"showFlares":true,"showImageEffects":true,"showParticleSystems":true,"showVisualEffectGraphs":true,"m_FxEnabled":true},"in2DMode":false,"pivot":{"x":5.463051795959473,"y":1.7231874465942383,"z":-2.269299030303955},"rotation":{"x":0.0000519214263476897,"y":0.985366702079773,"z":-0.17047391831874848,"w":0.0002965450694318861},"size":4.021139621734619,"orthographic":false}