{"cameraMode":{"drawMode":0,"name":"Shaded","section":"Shading Mode"},"sceneLighting":true,"audioPlay":false,"sceneViewState":{"m_AlwaysRefresh":false,"showFog":true,"showSkybox":true,"showFlares":true,"showImageEffects":true,"showParticleSystems":true,"showVisualEffectGraphs":true,"m_FxEnabled":true},"in2DMode":false,"pivot":{"x":8.382658958435059,"y":-0.5322725772857666,"z":-1.7871580123901368},"rotation":{"x":-0.00680542504414916,"y":0.9576032757759094,"z":-0.2871277332305908,"w":-0.022698599845170976},"size":3.2286341190338136,"orthographic":false}